{"cameraMode":{"drawMode":0,"name":"Shaded","section":"Shading Mode"},"sceneLighting":false,"audioPlay":false,"sceneViewState":{"showFog":true,"showMaterialUpdate":false,"showSkybox":true,"showFlares":true,"showImageEffects":true,"showParticleSystems":true},"in2DMode":false,"pivot":{"x":-1.0739943981170655,"y":3.1793508529663088,"z":-3.4040517807006838},"rotation":{"x":-0.3524998128414154,"y":-0.2441001981496811,"z":0.09574611485004425,"w":-0.8983271718025208},"size":7.195284843444824,"orthographic":false}