{"cameraMode":{"drawMode":0,"name":"Shaded","section":"Shading Mode"},"sceneLighting":true,"audioPlay":false,"sceneViewState":{"showFog":true,"showMaterialUpdate":false,"showSkybox":true,"showFlares":true,"showImageEffects":true,"showParticleSystems":true},"in2DMode":false,"pivot":{"x":0.014356851577758789,"y":0.8584383130073547,"z":0.9332904815673828},"rotation":{"x":-0.03423531353473663,"y":-0.9416157007217407,"z":0.31937456130981448,"w":-0.10093420743942261},"size":24.473669052124025,"orthographic":true}