{"cameraMode":{"drawMode":0,"name":"Shaded","section":"Shading Mode"},"sceneLighting":false,"audioPlay":false,"sceneViewState":{"showFog":true,"showMaterialUpdate":false,"showSkybox":true,"showFlares":true,"showImageEffects":true,"showParticleSystems":true},"in2DMode":false,"pivot":{"x":6.25846004486084,"y":-25.895824432373048,"z":7.144500732421875},"rotation":{"x":-0.5080322623252869,"y":-0.33628126978874209,"z":0.22459721565246583,"w":-0.7605092525482178},"size":40.37685775756836,"orthographic":false}