{"cameraMode":{"drawMode":0,"name":"Shaded","section":"Shading Mode"},"sceneLighting":false,"audioPlay":false,"sceneViewState":{"showFog":true,"showMaterialUpdate":false,"showSkybox":true,"showFlares":true,"showImageEffects":true,"showParticleSystems":true},"in2DMode":false,"pivot":{"x":-0.5951957702636719,"y":0.45129919052124026,"z":2.3187689781188967},"rotation":{"x":-0.42224523425102236,"y":0.002427309053018689,"z":-0.0011683525517582894,"w":-0.9064776301383972},"size":9.83701229095459,"orthographic":false}