{"cameraMode":{"drawMode":0,"name":"Shaded","section":"Shading Mode"},"sceneLighting":false,"audioPlay":false,"sceneViewState":{"showFog":true,"showMaterialUpdate":false,"showSkybox":true,"showFlares":true,"showImageEffects":true,"showParticleSystems":true},"in2DMode":false,"pivot":{"x":2.1827094554901125,"y":-0.5132883191108704,"z":5.569128513336182},"rotation":{"x":0.054244156926870349,"y":0.21432845294475556,"z":-0.011887704022228718,"w":0.9751818776130676},"size":8.275785446166993,"orthographic":false}