{"cameraMode":{"drawMode":0,"name":"Shaded","section":"Shading Mode"},"sceneLighting":false,"audioPlay":false,"sceneViewState":{"showFog":true,"showMaterialUpdate":false,"showSkybox":true,"showFlares":true,"showImageEffects":true,"showParticleSystems":true},"in2DMode":false,"pivot":{"x":-13.247751235961914,"y":-6.572193622589111,"z":-5.272799491882324},"rotation":{"x":-0.10857821255922318,"y":0.885414719581604,"z":-0.2603105306625366,"w":-0.3694455325603485},"size":29.209684371948243,"orthographic":false}