{"cameraMode":{"drawMode":0,"name":"Shaded","section":"Shading Mode"},"sceneLighting":false,"audioPlay":false,"sceneViewState":{"showFog":true,"showMaterialUpdate":false,"showSkybox":true,"showFlares":true,"showImageEffects":true,"showParticleSystems":true},"in2DMode":false,"pivot":{"x":-79.48329162597656,"y":98.49117279052735,"z":-76.4601821899414},"rotation":{"x":-0.44643181562423708,"y":-0.020415810868144037,"z":0.010151953436434269,"w":-0.8945271372795105},"size":24.053041458129884,"orthographic":false}