{"cameraMode":{"drawMode":0,"name":"Shaded","section":"Shading Mode"},"sceneLighting":false,"audioPlay":false,"sceneViewState":{"showFog":true,"showMaterialUpdate":false,"showSkybox":true,"showFlares":true,"showImageEffects":true,"showParticleSystems":true},"in2DMode":false,"pivot":{"x":-26.31498908996582,"y":-26.564659118652345,"z":9.263921737670899},"rotation":{"x":0.28497037291526797,"y":-0.5365983247756958,"z":0.1989070177078247,"w":0.7689539790153503},"size":56.29751968383789,"orthographic":false}