{"cameraMode":{"drawMode":0,"name":"Shaded","section":"Shading Mode"},"sceneLighting":false,"audioPlay":false,"sceneViewState":{"showFog":true,"showMaterialUpdate":false,"showSkybox":true,"showFlares":true,"showImageEffects":true,"showParticleSystems":true},"in2DMode":false,"pivot":{"x":-7.805622100830078,"y":-10.485883712768555,"z":4.484516143798828},"rotation":{"x":0.34524354338645937,"y":-0.493058979511261,"z":0.22195424139499665,"w":0.7670959234237671},"size":24.27982521057129,"orthographic":false}