{"cameraMode":{"drawMode":0,"name":"Shaded","section":"Shading Mode"},"sceneLighting":false,"audioPlay":false,"sceneViewState":{"showFog":true,"showMaterialUpdate":false,"showSkybox":true,"showFlares":true,"showImageEffects":true,"showParticleSystems":true},"in2DMode":false,"pivot":{"x":0.6076034307479858,"y":2.1161060333251955,"z":2.0912225246429445},"rotation":{"x":-0.15864917635917664,"y":0.8394072651863098,"z":-0.39716821908950808,"w":-0.33538538217544558},"size":7.201607704162598,"orthographic":false}