{"cameraMode":{"drawMode":0,"name":"Shaded","section":"Shading Mode"},"sceneLighting":false,"audioPlay":false,"sceneViewState":{"showFog":true,"showMaterialUpdate":false,"showSkybox":true,"showFlares":true,"showImageEffects":true,"showParticleSystems":true},"in2DMode":false,"pivot":{"x":0.7836991548538208,"y":-10.314231872558594,"z":-3.5369653701782228},"rotation":{"x":-0.341958612203598,"y":-0.6511745452880859,"z":0.4168308675289154,"w":-0.5341237187385559},"size":21.05491828918457,"orthographic":false}