{"cameraMode":{"drawMode":0,"name":"Shaded","section":"Shading Mode"},"sceneLighting":false,"audioPlay":false,"sceneViewState":{"showFog":true,"showMaterialUpdate":false,"showSkybox":true,"showFlares":true,"showImageEffects":true,"showParticleSystems":true},"in2DMode":false,"pivot":{"x":6.152511119842529,"y":-7.331277370452881,"z":-3.490386486053467},"rotation":{"x":-0.14913585782051087,"y":-0.8508853912353516,"z":0.3536542057991028,"w":-0.3587217926979065},"size":21.487478256225587,"orthographic":false}