{"cameraMode":{"drawMode":0,"name":"Shaded","section":"Shading Mode"},"sceneLighting":false,"audioPlay":false,"sceneViewState":{"showFog":true,"showMaterialUpdate":false,"showSkybox":true,"showFlares":true,"showImageEffects":true,"showParticleSystems":true},"in2DMode":false,"pivot":{"x":-17.535415649414064,"y":-9.655226707458496,"z":-19.806686401367189},"rotation":{"x":0.07563459128141403,"y":-0.8970587849617004,"z":0.16921554505825044,"w":0.40116217732429507},"size":40.509883880615237,"orthographic":false}