{"cameraMode":{"drawMode":0,"name":"Shaded","section":"Shading Mode"},"sceneLighting":false,"audioPlay":false,"sceneViewState":{"showFog":true,"showMaterialUpdate":false,"showSkybox":true,"showFlares":true,"showImageEffects":true,"showParticleSystems":true},"in2DMode":false,"pivot":{"x":-5.942994594573975,"y":-2.606799602508545,"z":-2.6926965713500978},"rotation":{"x":-0.09357082098722458,"y":0.877093493938446,"z":-0.19056086242198945,"w":-0.4308573603630066},"size":21.48993682861328,"orthographic":false}