{"cameraMode":{"drawMode":0,"name":"Shaded","section":"Shading Mode"},"sceneLighting":false,"audioPlay":false,"sceneViewState":{"showFog":true,"showMaterialUpdate":false,"showSkybox":true,"showFlares":true,"showImageEffects":true,"showParticleSystems":true},"in2DMode":false,"pivot":{"x":-8.94890022277832,"y":-32.317909240722659,"z":-13.443522453308106},"rotation":{"x":0.06781670451164246,"y":0.8164108395576477,"z":-0.565053403377533,"w":0.09792307764291763},"size":62.42716979980469,"orthographic":false}