{"cameraMode":{"drawMode":0,"name":"Shaded","section":"Shading Mode"},"sceneLighting":false,"audioPlay":false,"sceneViewState":{"showFog":true,"showMaterialUpdate":false,"showSkybox":true,"showFlares":true,"showImageEffects":true,"showParticleSystems":true},"in2DMode":false,"pivot":{"x":0.0,"y":-0.9810009002685547,"z":0.6923389434814453},"rotation":{"x":-0.06029200181365013,"y":0.9248651266098023,"z":-0.16543233394622804,"w":-0.3370780050754547},"size":105.93385314941406,"orthographic":true}