{"cameraMode":{"drawMode":0,"name":"Shaded","section":"Shading Mode"},"sceneLighting":false,"audioPlay":false,"sceneViewState":{"showFog":true,"showMaterialUpdate":false,"showSkybox":true,"showFlares":true,"showImageEffects":true,"showParticleSystems":true},"in2DMode":false,"pivot":{"x":-4.352365016937256,"y":-3.6617627143859865,"z":1.285899043083191},"rotation":{"x":-0.2264973223209381,"y":0.6495274305343628,"z":-0.21197818219661714,"w":-0.694174587726593},"size":15.066179275512696,"orthographic":false}