{"cameraMode":{"drawMode":0,"name":"Shaded","section":"Shading Mode"},"sceneLighting":false,"audioPlay":false,"sceneViewState":{"showFog":true,"showMaterialUpdate":false,"showSkybox":true,"showFlares":true,"showImageEffects":true,"showParticleSystems":true},"in2DMode":false,"pivot":{"x":0.0192718505859375,"y":1.385767936706543,"z":-0.028053760528564454},"rotation":{"x":0.023040829226374627,"y":0.05347251519560814,"z":0.00119999039452523,"w":-0.9983028173446655},"size":9.73161792755127,"orthographic":false}