{"cameraMode":{"drawMode":0,"name":"Shaded","section":"Shading Mode"},"sceneLighting":false,"audioPlay":false,"sceneViewState":{"showFog":true,"showMaterialUpdate":false,"showSkybox":true,"showFlares":true,"showImageEffects":true,"showParticleSystems":true},"in2DMode":false,"pivot":{"x":-7.951186656951904,"y":-5.299934387207031,"z":-17.295759201049806},"rotation":{"x":0.05228274315595627,"y":-0.9423227310180664,"z":0.17627820372581483,"w":0.27967944741249087},"size":34.61668014526367,"orthographic":false}