{"cameraMode":{"drawMode":0,"name":"Shaded","section":"Shading Mode"},"sceneLighting":false,"audioPlay":false,"sceneViewState":{"showFog":true,"showMaterialUpdate":false,"showSkybox":true,"showFlares":true,"showImageEffects":true,"showParticleSystems":true},"in2DMode":false,"pivot":{"x":23.0898380279541,"y":-46.17672348022461,"z":30.74553871154785},"rotation":{"x":0.39866742491722109,"y":0.31356295943260195,"z":-0.1471697986125946,"w":0.8491664528846741},"size":69.17474365234375,"orthographic":false}