{"cameraMode":{"drawMode":0,"name":"Shaded","section":"Shading Mode"},"sceneLighting":false,"audioPlay":false,"sceneViewState":{"showFog":true,"showMaterialUpdate":false,"showSkybox":true,"showFlares":true,"showImageEffects":true,"showParticleSystems":true},"in2DMode":false,"pivot":{"x":-3.069877862930298,"y":0.11385536193847656,"z":-1.1230125427246094},"rotation":{"x":-0.2548561990261078,"y":-0.4856182336807251,"z":0.15042079985141755,"w":-0.8225550651550293},"size":14.14055347442627,"orthographic":false}