{"cameraMode":{"drawMode":0,"name":"Shaded","section":"Shading Mode"},"sceneLighting":false,"audioPlay":false,"sceneViewState":{"showFog":true,"showMaterialUpdate":false,"showSkybox":true,"showFlares":true,"showImageEffects":true,"showParticleSystems":true},"in2DMode":false,"pivot":{"x":-15.475273132324219,"y":-2.1045923233032228,"z":-1.3214750289916993},"rotation":{"x":0.12859097123146058,"y":-0.7829954624176025,"z":0.17258267104625703,"w":0.5836074948310852},"size":386.2877502441406,"orthographic":false}