{"cameraMode":{"drawMode":0,"name":"Shaded","section":"Shading Mode"},"sceneLighting":false,"audioPlay":false,"sceneViewState":{"showFog":true,"showMaterialUpdate":false,"showSkybox":true,"showFlares":true,"showImageEffects":true,"showParticleSystems":true},"in2DMode":false,"pivot":{"x":3.5180482864379885,"y":0.25119638442993166,"z":0.518404483795166},"rotation":{"x":-0.2365245521068573,"y":0.22178864479064942,"z":-0.05558861419558525,"w":-0.944338858127594},"size":13.51833438873291,"orthographic":false}