{"cameraMode":{"drawMode":0,"name":"Shaded","section":"Shading Mode"},"sceneLighting":false,"audioPlay":false,"sceneViewState":{"showFog":true,"showMaterialUpdate":false,"showSkybox":true,"showFlares":true,"showImageEffects":true,"showParticleSystems":true},"in2DMode":false,"pivot":{"x":0.42153072357177737,"y":1.4470129013061524,"z":-0.5373020172119141},"rotation":{"x":-0.15206682682037354,"y":0.8217537999153137,"z":-0.2577650249004364,"w":-0.48492634296417239},"size":11.722500801086426,"orthographic":false}