{"cameraMode":{"drawMode":0,"name":"Shaded","section":"Shading Mode"},"sceneLighting":false,"audioPlay":false,"sceneViewState":{"showFog":true,"showMaterialUpdate":false,"showSkybox":true,"showFlares":true,"showImageEffects":true,"showParticleSystems":true},"in2DMode":false,"pivot":{"x":-0.7388385534286499,"y":6.283316135406494,"z":-8.19570541381836},"rotation":{"x":-0.1524910181760788,"y":0.7844770550727844,"z":-0.21285195648670197,"w":-0.5621711611747742},"size":35.95158386230469,"orthographic":false}