{"cameraMode":{"drawMode":0,"name":"Shaded","section":"Shading Mode"},"sceneLighting":false,"audioPlay":false,"sceneViewState":{"showFog":true,"showMaterialUpdate":false,"showSkybox":true,"showFlares":true,"showImageEffects":true,"showParticleSystems":true},"in2DMode":false,"pivot":{"x":1.465262532234192,"y":-2.2626779079437258,"z":1.6895231008529664},"rotation":{"x":-0.3073763847351074,"y":-0.05242996662855148,"z":0.016926389187574388,"w":-0.949991762638092},"size":12.252185821533204,"orthographic":false}