{"cameraMode":{"drawMode":0,"name":"Shaded","section":"Shading Mode"},"sceneLighting":false,"audioPlay":false,"sceneViewState":{"showFog":true,"showMaterialUpdate":false,"showSkybox":true,"showFlares":true,"showImageEffects":true,"showParticleSystems":true},"in2DMode":false,"pivot":{"x":-1.607055902481079,"y":2.2149946689605715,"z":-5.462127685546875},"rotation":{"x":-0.02608620934188366,"y":0.9721485376358032,"z":-0.19144441187381745,"w":-0.1326490044593811},"size":11.132304191589356,"orthographic":false}