{"cameraMode":{"drawMode":0,"name":"Shaded","section":"Shading Mode"},"sceneLighting":false,"audioPlay":false,"sceneViewState":{"showFog":true,"showMaterialUpdate":false,"showSkybox":true,"showFlares":true,"showImageEffects":true,"showParticleSystems":true},"in2DMode":false,"pivot":{"x":0.06192151457071304,"y":-4.102066993713379,"z":-11.013456344604493},"rotation":{"x":-0.013464267365634442,"y":-0.9647179841995239,"z":0.25810596346855166,"w":-0.05019228905439377},"size":27.70328712463379,"orthographic":false}