{"cameraMode":{"drawMode":0,"name":"Shaded","section":"Shading Mode"},"sceneLighting":false,"audioPlay":false,"sceneViewState":{"showFog":true,"showMaterialUpdate":false,"showSkybox":true,"showFlares":true,"showImageEffects":true,"showParticleSystems":true},"in2DMode":false,"pivot":{"x":-4.822059631347656,"y":-3.5028934478759767,"z":-9.114434242248536},"rotation":{"x":0.03672465309500694,"y":-0.9631327986717224,"z":0.1956731230020523,"w":0.18093803524971009},"size":24.61020278930664,"orthographic":false}