{"cameraMode":{"drawMode":0,"name":"Shaded","section":"Shading Mode"},"sceneLighting":false,"audioPlay":false,"sceneViewState":{"showFog":true,"showMaterialUpdate":false,"showSkybox":true,"showFlares":true,"showImageEffects":true,"showParticleSystems":true},"in2DMode":false,"pivot":{"x":13.035124778747559,"y":-2.2463812828063967,"z":6.748696804046631},"rotation":{"x":-0.10963000357151032,"y":-0.47810789942741396,"z":0.06025150045752525,"w":-0.8693468570709229},"size":18.398258209228517,"orthographic":false}