{"cameraMode":{"drawMode":0,"name":"Shaded","section":"Shading Mode"},"sceneLighting":false,"audioPlay":false,"sceneViewState":{"showFog":true,"showMaterialUpdate":false,"showSkybox":true,"showFlares":true,"showImageEffects":true,"showParticleSystems":true},"in2DMode":false,"pivot":{"x":1.8525028228759766,"y":2.5763659477233888,"z":-1.4061014652252198},"rotation":{"x":-0.28615063428878786,"y":0.6776719689369202,"z":-0.326896995306015,"w":-0.5933101773262024},"size":8.7849702835083,"orthographic":false}