{"cameraMode":{"drawMode":0,"name":"Shaded","section":"Shading Mode"},"sceneLighting":false,"audioPlay":false,"sceneViewState":{"showFog":true,"showMaterialUpdate":false,"showSkybox":true,"showFlares":true,"showImageEffects":true,"showParticleSystems":true},"in2DMode":false,"pivot":{"x":1.792515754699707,"y":1.9171338081359864,"z":-1.5213243961334229},"rotation":{"x":-0.3638748526573181,"y":0.4749191403388977,"z":-0.22473189234733582,"w":-0.769118070602417},"size":7.470677375793457,"orthographic":false}