{"cameraMode":{"drawMode":0,"name":"Shaded","section":"Shading Mode"},"sceneLighting":false,"audioPlay":false,"sceneViewState":{"showFog":true,"showMaterialUpdate":false,"showSkybox":true,"showFlares":true,"showImageEffects":true,"showParticleSystems":true},"in2DMode":false,"pivot":{"x":-0.608005166053772,"y":0.7362922430038452,"z":0.8777716159820557},"rotation":{"x":0.17380233108997346,"y":-0.39010217785835268,"z":0.07527928054332733,"w":0.9010805487632752},"size":3.1359541416168215,"orthographic":false}