{"cameraMode":{"drawMode":0,"name":"Shaded","section":"Shading Mode"},"sceneLighting":false,"audioPlay":false,"sceneViewState":{"showFog":true,"showMaterialUpdate":false,"showSkybox":true,"showFlares":true,"showImageEffects":true,"showParticleSystems":true},"in2DMode":false,"pivot":{"x":0.7284119725227356,"y":-9.29404354095459,"z":-7.347937107086182},"rotation":{"x":-0.03760752081871033,"y":-0.8909274339675903,"z":0.4463295042514801,"w":-0.07499313354492188},"size":24.586572647094728,"orthographic":false}