{"cameraMode":{"drawMode":0,"name":"Shaded","section":"Shading Mode"},"sceneLighting":false,"audioPlay":false,"sceneViewState":{"showFog":true,"showMaterialUpdate":false,"showSkybox":true,"showFlares":true,"showImageEffects":true,"showParticleSystems":true},"in2DMode":false,"pivot":{"x":-0.001929406076669693,"y":0.000060249119997024536,"z":0.13601168990135194},"rotation":{"x":-0.010192060843110085,"y":0.8473452925682068,"z":-0.016335392370820047,"w":-0.5306932926177979},"size":0.5800246000289917,"orthographic":false}