{"cameraMode":{"drawMode":0,"name":"Shaded","section":"Shading Mode"},"sceneLighting":false,"audioPlay":false,"sceneViewState":{"showFog":true,"showMaterialUpdate":false,"showSkybox":true,"showFlares":true,"showImageEffects":true,"showParticleSystems":true},"in2DMode":false,"pivot":{"x":-0.6035251617431641,"y":1.2606780529022217,"z":-0.05842399597167969},"rotation":{"x":-0.07942859828472138,"y":0.9040625691413879,"z":-0.19247585535049439,"w":-0.3732493221759796},"size":7.17222785949707,"orthographic":false}