{"cameraMode":{"drawMode":0,"name":"Shaded","section":"Shading Mode"},"sceneLighting":false,"audioPlay":false,"sceneViewState":{"showFog":true,"showMaterialUpdate":false,"showSkybox":true,"showFlares":true,"showImageEffects":true,"showParticleSystems":true},"in2DMode":false,"pivot":{"x":4.198452472686768,"y":-7.6342620849609379,"z":-2.1851677894592287},"rotation":{"x":-0.37908583879470827,"y":-0.5204912424087524,"z":0.2765370011329651,"w":-0.713379442691803},"size":18.884531021118165,"orthographic":false}