{"cameraMode":{"drawMode":0,"name":"Shaded","section":"Shading Mode"},"sceneLighting":false,"audioPlay":false,"sceneViewState":{"showFog":true,"showMaterialUpdate":false,"showSkybox":true,"showFlares":true,"showImageEffects":true,"showParticleSystems":true},"in2DMode":false,"pivot":{"x":-2.915412425994873,"y":-15.887594223022461,"z":7.863049507141113},"rotation":{"x":-0.5567285418510437,"y":0.23435142636299134,"z":-0.16749469935894013,"w":-0.7791523337364197},"size":24.73828125,"orthographic":false}