{"cameraMode":{"drawMode":0,"name":"Shaded","section":"Shading Mode"},"sceneLighting":false,"audioPlay":false,"sceneViewState":{"showFog":true,"showMaterialUpdate":false,"showSkybox":true,"showFlares":true,"showImageEffects":true,"showParticleSystems":true},"in2DMode":false,"pivot":{"x":-21.632234573364259,"y":-16.252046585083009,"z":18.844310760498048},"rotation":{"x":0.2406892478466034,"y":-0.43039801716804507,"z":0.12027304619550705,"w":0.8616035580635071},"size":47.97187423706055,"orthographic":false}