{"cameraMode":{"drawMode":0,"name":"Shaded","section":"Shading Mode"},"sceneLighting":false,"audioPlay":false,"sceneViewState":{"showFog":true,"showMaterialUpdate":false,"showSkybox":true,"showFlares":true,"showImageEffects":true,"showParticleSystems":true},"in2DMode":false,"pivot":{"x":-0.09837532043457031,"y":-2.5771141052246095,"z":-2.814425468444824},"rotation":{"x":-0.21410587430000306,"y":-0.774912416934967,"z":0.33993956446647646,"w":-0.48796576261520388},"size":15.759775161743164,"orthographic":false}