{"cameraMode":{"drawMode":0,"name":"Shaded","section":"Shading Mode"},"sceneLighting":false,"audioPlay":false,"sceneViewState":{"showFog":true,"showMaterialUpdate":false,"showSkybox":true,"showFlares":true,"showImageEffects":true,"showParticleSystems":true},"in2DMode":false,"pivot":{"x":2.2714946269989015,"y":-11.643415451049805,"z":8.634991645812989},"rotation":{"x":-0.41616180539131167,"y":-0.16913971304893495,"z":0.07905938476324082,"w":-0.889916181564331},"size":23.439340591430665,"orthographic":false}