{"cameraMode":{"drawMode":0,"name":"Shaded","section":"Shading Mode"},"sceneLighting":false,"audioPlay":false,"sceneViewState":{"showFog":true,"showMaterialUpdate":false,"showSkybox":true,"showFlares":true,"showImageEffects":true,"showParticleSystems":true},"in2DMode":false,"pivot":{"x":-2.1227052211761476,"y":0.9745588898658752,"z":1.0430443286895753},"rotation":{"x":-0.10784801095724106,"y":0.8918873071670532,"z":-0.299594521522522,"w":-0.32116833329200747},"size":4.719321250915527,"orthographic":false}