{"cameraMode":{"drawMode":0,"name":"Shaded","section":"Shading Mode"},"sceneLighting":false,"audioPlay":false,"sceneViewState":{"showFog":true,"showMaterialUpdate":false,"showSkybox":true,"showFlares":true,"showImageEffects":true,"showParticleSystems":true},"in2DMode":false,"pivot":{"x":-3.3169617652893068,"y":5.900676727294922,"z":-22.175195693969728},"rotation":{"x":0.0018645585514605046,"y":-0.9968402981758118,"z":0.07533278316259384,"w":0.025118917226791383},"size":49.966064453125,"orthographic":false}