{"cameraMode":{"drawMode":0,"name":"Shaded","section":"Shading Mode"},"sceneLighting":false,"audioPlay":false,"sceneViewState":{"showFog":true,"showMaterialUpdate":false,"showSkybox":true,"showFlares":true,"showImageEffects":true,"showParticleSystems":true},"in2DMode":false,"pivot":{"x":-11.302470207214356,"y":2.3015129566192629,"z":30.499841690063478},"rotation":{"x":-0.0011820847867056728,"y":-0.12656238675117494,"z":-0.00014998942788224667,"w":0.9919580221176148},"size":34.71517562866211,"orthographic":false}