{"cameraMode":{"drawMode":0,"name":"Shaded","section":"Shading Mode"},"sceneLighting":false,"audioPlay":false,"sceneViewState":{"showFog":true,"showMaterialUpdate":false,"showSkybox":true,"showFlares":true,"showImageEffects":true,"showParticleSystems":true},"in2DMode":false,"pivot":{"x":-1.8390932083129883,"y":-5.781943321228027,"z":0.40363621711730959},"rotation":{"x":-0.5954899787902832,"y":-0.10548346489667893,"z":0.07922259718179703,"w":-0.7924574017524719},"size":19.34241485595703,"orthographic":false}