{"cameraMode":{"drawMode":0,"name":"Shaded","section":"Shading Mode"},"sceneLighting":false,"audioPlay":false,"sceneViewState":{"showFog":true,"showMaterialUpdate":false,"showSkybox":true,"showFlares":true,"showImageEffects":true,"showParticleSystems":true},"in2DMode":false,"pivot":{"x":0.35998964309692385,"y":-5.850465774536133,"z":0.37111902236938479},"rotation":{"x":-0.5345655083656311,"y":-0.1468968391418457,"z":0.09493128955364227,"w":-0.8268308043479919},"size":17.23212242126465,"orthographic":false}