{"cameraMode":{"drawMode":0,"name":"Shaded","section":"Shading Mode"},"sceneLighting":false,"audioPlay":false,"sceneViewState":{"showFog":true,"showMaterialUpdate":false,"showSkybox":true,"showFlares":true,"showImageEffects":true,"showParticleSystems":true},"in2DMode":false,"pivot":{"x":-4.76837158203125e-7,"y":5.1081719398498539,"z":-0.3499488830566406},"rotation":{"x":-0.3506709635257721,"y":0.0726449117064476,"z":-0.02733238972723484,"w":-0.9332767724990845},"size":28.790374755859376,"orthographic":false}