{"cameraMode":{"drawMode":0,"name":"Shaded","section":"Shading Mode"},"sceneLighting":false,"audioPlay":false,"sceneViewState":{"showFog":true,"showMaterialUpdate":false,"showSkybox":true,"showFlares":true,"showImageEffects":true,"showParticleSystems":true},"in2DMode":false,"pivot":{"x":-31.92913818359375,"y":-36.21417999267578,"z":-0.4368089437484741},"rotation":{"x":0.2999263107776642,"y":-0.6293478012084961,"z":0.28745850920677187,"w":0.6567596197128296},"size":67.23646545410156,"orthographic":false}