{"cameraMode":{"drawMode":0,"name":"Shaded","section":"Shading Mode"},"sceneLighting":false,"audioPlay":false,"sceneViewState":{"showFog":true,"showMaterialUpdate":false,"showSkybox":true,"showFlares":true,"showImageEffects":true,"showParticleSystems":true},"in2DMode":false,"pivot":{"x":1.5102174282073975,"y":0.11414813995361328,"z":2.7947216033935549},"rotation":{"x":-0.0907125473022461,"y":-0.9051912426948547,"z":0.3354756832122803,"w":-0.24465516209602357},"size":6.831714153289795,"orthographic":false}