{"cameraMode":{"drawMode":0,"name":"Shaded","section":"Shading Mode"},"sceneLighting":false,"audioPlay":false,"sceneViewState":{"showFog":true,"showMaterialUpdate":false,"showSkybox":true,"showFlares":true,"showImageEffects":true,"showParticleSystems":true},"in2DMode":false,"pivot":{"x":-0.001929406076669693,"y":0.000060249119997024536,"z":0.13601168990135194},"rotation":{"x":-0.07942859828472138,"y":0.9040625691413879,"z":-0.19247585535049439,"w":-0.3732493221759796},"size":0.5800246000289917,"orthographic":false}