{"cameraMode":{"drawMode":0,"name":"Shaded","section":"Shading Mode"},"sceneLighting":false,"audioPlay":false,"sceneViewState":{"showFog":true,"showMaterialUpdate":false,"showSkybox":true,"showFlares":true,"showImageEffects":true,"showParticleSystems":true},"in2DMode":false,"pivot":{"x":-10.648040771484375,"y":-6.347711563110352,"z":-3.555665969848633},"rotation":{"x":-0.16140048205852509,"y":0.7443046569824219,"z":-0.1943766474723816,"w":-0.6182056665420532},"size":27.613948822021486,"orthographic":false}