{"cameraMode":{"drawMode":0,"name":"Shaded","section":"Shading Mode"},"sceneLighting":false,"audioPlay":false,"sceneViewState":{"showFog":true,"showMaterialUpdate":false,"showSkybox":true,"showFlares":true,"showImageEffects":true,"showParticleSystems":true},"in2DMode":false,"pivot":{"x":0.9032036066055298,"y":1.0045790672302247,"z":0.6505782604217529},"rotation":{"x":-0.46238255500793459,"y":-0.23429903388023377,"z":0.12808959186077119,"w":-0.8455172181129456},"size":7.2521257400512699,"orthographic":false}