{"cameraMode":{"drawMode":0,"name":"Shaded","section":"Shading Mode"},"sceneLighting":false,"audioPlay":false,"sceneViewState":{"showFog":true,"showMaterialUpdate":false,"showSkybox":true,"showFlares":true,"showImageEffects":true,"showParticleSystems":true},"in2DMode":false,"pivot":{"x":0.22142791748046876,"y":2.457395076751709,"z":-4.454487323760986},"rotation":{"x":0.10111653804779053,"y":-0.7108340859413147,"z":0.10449617356061936,"w":0.6881648898124695},"size":21.14061737060547,"orthographic":false}