{"cameraMode":{"drawMode":0,"name":"Shaded","section":"Shading Mode"},"sceneLighting":false,"audioPlay":false,"sceneViewState":{"showFog":true,"showMaterialUpdate":false,"showSkybox":true,"showFlares":true,"showImageEffects":true,"showParticleSystems":true},"in2DMode":false,"pivot":{"x":-3.037320137023926,"y":6.465080738067627,"z":-3.8801748752593996},"rotation":{"x":0.14354510605335236,"y":0.8447743058204651,"z":-0.43275293707847597,"w":0.28013595938682558},"size":23.39957046508789,"orthographic":false}