{"cameraMode":{"drawMode":0,"name":"Shaded","section":"Shading Mode"},"sceneLighting":false,"audioPlay":false,"sceneViewState":{"showFog":true,"showMaterialUpdate":false,"showSkybox":true,"showFlares":true,"showImageEffects":true,"showParticleSystems":true},"in2DMode":false,"pivot":{"x":-2.1227052211761476,"y":0.9745588898658752,"z":1.0430443286895753},"rotation":{"x":-0.03145810589194298,"y":0.9600819945335388,"z":-0.2503313720226288,"w":-0.12077710777521134},"size":4.719321250915527,"orthographic":false}