{"cameraMode":{"drawMode":0,"name":"Shaded","section":"Shading Mode"},"sceneLighting":false,"audioPlay":false,"sceneViewState":{"showFog":true,"showMaterialUpdate":false,"showSkybox":true,"showFlares":true,"showImageEffects":true,"showParticleSystems":true},"in2DMode":false,"pivot":{"x":-8.616548538208008,"y":2.280336380004883,"z":-2.8579368591308595},"rotation":{"x":-0.07111439108848572,"y":0.9122132062911987,"z":-0.17964844405651093,"w":-0.36129796504974368},"size":43.831722259521487,"orthographic":false}