{"cameraMode":{"drawMode":0,"name":"Shaded","section":"Shading Mode"},"sceneLighting":false,"audioPlay":false,"sceneViewState":{"showFog":true,"showMaterialUpdate":false,"showSkybox":true,"showFlares":true,"showImageEffects":true,"showParticleSystems":true},"in2DMode":false,"pivot":{"x":-0.709886908531189,"y":0.721017599105835,"z":-2.137582540512085},"rotation":{"x":-0.3318590223789215,"y":-0.61337810754776,"z":0.3165168762207031,"w":-0.6430038213729858},"size":8.30212688446045,"orthographic":false}